INSERT INTO SHORTLISTPROPERTIES(ID,SHORTLISTNAME,SHORTLISTMAX) VALUES (1,'shortlistsupervisor',6)
INSERT INTO SHORTLISTPROPERTIES(ID,SHORTLISTNAME,SHORTLISTMAX) VALUES (2,'shortlistproject',6)
INSERT INTO SHORTLISTPROPERTIES(ID,SHORTLISTNAME,SHORTLISTMAX) VALUES (3,'supervisorMax',3)
INSERT INTO PERSONSTATUS(ID,"NAME") VALUES(1,'Staff')
INSERT INTO PERSONSTATUS(ID,"NAME") VALUES(2,'Student')
INSERT INTO PERSONSTATUS(ID,"NAME") VALUES(3,'External')
INSERT INTO PROJECTCATEGORY("NAME") VALUES('Postgraduate')
INSERT INTO PROJECTCATEGORY("NAME") VALUES('Undergraduate')
INSERT INTO PROJECTCATEGORY("NAME") VALUES('Engineering')
INSERT INTO PROJECTCATEGORY("NAME") VALUES('Study')

INSERT INTO ORGANISATION(ID,ACTIVITY,"NAME",POSTCODE,POSTALADDRESS) VALUES (1,'','University of Portsmouth','','')
INSERT INTO COHORT(ID,PROJECTSTART,PROJECTSTOP,REGISTERSTART,REGISTERSTOP,TITLE) VALUES (1,'2017-02-19 00:00:00','2017-02-19 00:00:00','2017-02-19 00:00:00','2017-02-19 00:00:00','test cohort')
INSERT INTO COHORT(ID,PROJECTSTART,PROJECTSTOP,REGISTERSTART,REGISTERSTOP,TITLE) VALUES (2,'2017-02-19 00:00:00','2017-02-19 00:00:00','2017-02-19 00:00:00','2017-02-19 00:00:00','test cohort 2')

INSERT INTO PERSON(ID,DATECONFIRMATION,DATECREATION,LASTLOGIN,FORERNAME,PASSWORD,SURNAME,USERNAME,COHORT_ID,ORGANISATION_ID,PERSONSTATUS_ID,STUDENT_ID) VALUES (-2,'2016-11-16 06:43:19.769','2016-11-16 06:43:19.769','2016-11-16 06:43:19.769','John','sadsds','Johna','esmelir-A',1,1,2,null)
INSERT INTO PERSON(ID,DATECONFIRMATION,DATECREATION,LASTLOGIN,FORERNAME,PASSWORD,SURNAME,USERNAME,COHORT_ID,ORGANISATION_ID,PERSONSTATUS_ID,STUDENT_ID) VALUES (-77,'2016-11-16 06:43:19.769','2016-11-16 06:43:19.769','2016-11-16 06:43:19.769','Ham','sadsds','eill','hamishO-A',1,1,2,null)
INSERT INTO PERSON(ID,DATECONFIRMATION,DATECREATION,LASTLOGIN,FORERNAME,PASSWORD,SURNAME,USERNAME,COHORT_ID,ORGANISATION_ID,PERSONSTATUS_ID,STUDENT_ID) VALUES (-1,'2016-11-16 06:43:19.769','2016-11-16 06:43:19.769','2016-11-16 06:43:19.769','Ramazan','sadsds','ESMELI','esmelir-B',2,1,1,null)
INSERT INTO PERSON(ID,DATECONFIRMATION,DATECREATION,LASTLOGIN,FORERNAME,PASSWORD,SURNAME,USERNAME,COHORT_ID,ORGANISATION_ID,PERSONSTATUS_ID,STUDENT_ID) VALUES (-4,'2016-11-16 06:43:19.769','2016-11-16 06:43:19.769','2016-11-16 06:43:19.769','Hana','sadsds','Amira','hanaAmira',1,1,1,null)
INSERT INTO PERSON(ID,DATECONFIRMATION,DATECREATION,LASTLOGIN,FORERNAME,PASSWORD,SURNAME,USERNAME,COHORT_ID,ORGANISATION_ID,PERSONSTATUS_ID,STUDENT_ID) VALUES (-5,'2016-11-16 06:43:19.769','2016-11-16 06:43:19.769','2016-11-16 06:43:19.769','Amir','sadsds','Safwan','SafwanA',2,1,1,null)
INSERT INTO PERSON(ID,DATECONFIRMATION,DATECREATION,LASTLOGIN,FORERNAME,PASSWORD,SURNAME,USERNAME,COHORT_ID,ORGANISATION_ID,PERSONSTATUS_ID,STUDENT_ID) VALUES (-6,'2016-11-16 06:43:19.769','2016-11-16 06:43:19.769','2016-11-16 06:43:19.769','Fergus','sadsds','Boggs','FergusB',1,1,1,null)
INSERT INTO PERSON(ID,DATECONFIRMATION,DATECREATION,LASTLOGIN,FORERNAME,PASSWORD,SURNAME,USERNAME,COHORT_ID,ORGANISATION_ID,PERSONSTATUS_ID,STUDENT_ID) VALUES (-7,'2016-11-16 06:43:19.769','2016-11-16 06:43:19.769','2016-11-16 06:43:19.769','Hamish','sadsds','ONeill','hamishO-B',1,1,1,null)
INSERT INTO PERSON(ID,DATECONFIRMATION,DATECREATION,LASTLOGIN,FORERNAME,PASSWORD,SURNAME,USERNAME,COHORT_ID,ORGANISATION_ID,PERSONSTATUS_ID,STUDENT_ID) VALUES (-8,'2016-11-16 06:43:19.769','2016-11-16 06:43:19.769','2016-11-16 06:43:19.769','Edward','sadsds','Elric','EdwardE',1,1,1,null)
INSERT INTO PERSON(ID,DATECONFIRMATION,DATECREATION,LASTLOGIN,FORERNAME,PASSWORD,SURNAME,USERNAME,COHORT_ID,ORGANISATION_ID,PERSONSTATUS_ID,STUDENT_ID) VALUES (-9,'2016-11-16 06:43:19.769','2016-11-16 06:43:19.769','2016-11-16 06:43:19.769','Winry','sadsds','Rockbell','winryR',1,1,1,null)
INSERT INTO PERSON(ID,DATECONFIRMATION,DATECREATION,LASTLOGIN,FORERNAME,PASSWORD,SURNAME,USERNAME,COHORT_ID,ORGANISATION_ID,PERSONSTATUS_ID,STUDENT_ID) VALUES (-19,'2016-11-16 06:43:19.769','2016-11-16 06:43:19.769','2016-11-16 06:43:19.769','Henry','ssss','John','winrllyR',1,1,2,null)
INSERT INTO PERSON(ID,DATECONFIRMATION,DATECREATION,LASTLOGIN,FORERNAME,PASSWORD,SURNAME,USERNAME,COHORT_ID,ORGANISATION_ID,PERSONSTATUS_ID,STUDENT_ID) VALUES (-20,'2016-11-16 06:43:19.769','2016-11-16 06:43:19.769','2016-11-16 06:43:19.769','Harbous','sssdd','Marbour','marbourR',1,1,2,null)


INSERT INTO STAFF(ID,STAFFNUMBER,PERSON_ID,ISADMINISTRATOR,ISCOORDINATOR,ISSUPERVISOR) VALUES (1,'34423',-1,0,0,1)
INSERT INTO STAFF(ID,STAFFNUMBER,PERSON_ID,ISADMINISTRATOR,ISCOORDINATOR,ISSUPERVISOR) VALUES (2,'34424',-4,0,0,1)
INSERT INTO STAFF(ID,STAFFNUMBER,PERSON_ID,ISADMINISTRATOR,ISCOORDINATOR,ISSUPERVISOR) VALUES (3,'34425',-5,0,1,1)
INSERT INTO STAFF(ID,STAFFNUMBER,PERSON_ID,ISADMINISTRATOR,ISCOORDINATOR,ISSUPERVISOR) VALUES (4,'34426',-6,0,0,1)
INSERT INTO STAFF(ID,STAFFNUMBER,PERSON_ID,ISADMINISTRATOR,ISCOORDINATOR,ISSUPERVISOR) VALUES (5,'34427',-7,0,0,1)
INSERT INTO STAFF(ID,STAFFNUMBER,PERSON_ID,ISADMINISTRATOR,ISCOORDINATOR,ISSUPERVISOR) VALUES (6,'34428',-8,0,1,1)
INSERT INTO STAFF(ID,STAFFNUMBER,PERSON_ID,ISADMINISTRATOR,ISCOORDINATOR,ISSUPERVISOR) VALUES (7,'34429',-9,1,0,1)
INSERT INTO STUDENT(ID,STUDENTNUMBER,FINALPROJECT_ID,PERSON_ID) VALUES (-2,'835796',null,-2)
INSERT INTO STUDENT(ID,STUDENTNUMBER,FINALPROJECT_ID,PERSON_ID) VALUES (-3,'835796',null,-77)
INSERT INTO STUDENT(ID,STUDENTNUMBER,FINALPROJECT_ID,PERSON_ID) VALUES (-4,'835796',null,-19)
INSERT INTO STUDENT(ID,STUDENTNUMBER,FINALPROJECT_ID,PERSON_ID) VALUES (-5,'835796',null,-20)

INSERT INTO EMAIL(ID,ADDRESS) VALUES (-2,'esmelir@port.ac.uk.')
INSERT INTO EMAIL(ID,ADDRESS) VALUES (-77,'hamishO@port.ac.uk.')
INSERT INTO EMAIL(ID,ADDRESS) VALUES (-4,'hanaAmira@port.ac.uk.')
INSERT INTO EMAIL(ID,ADDRESS) VALUES (-5,'SafwanA@port.ac.uk.')
INSERT INTO EMAIL(ID,ADDRESS) VALUES (-6,'FergusB@port.ac.uk.')
INSERT INTO EMAIL(ID,ADDRESS) VALUES (-8,'EdwardE@port.ac.uk.')
INSERT INTO EMAIL(ID,ADDRESS) VALUES (-9,'winryR@port.ac.uk.')
INSERT INTO EMAIL(ID,ADDRESS) VALUES (-19,'winrllyR@port.ac.uk.')
INSERT INTO PERSON_EMAIL(PERSON_ID,EMAILS_ID) VALUES (-2,-2)
INSERT INTO PERSON_EMAIL(PERSON_ID,EMAILS_ID) VALUES (-77,-77)
INSERT INTO PERSON_EMAIL(PERSON_ID,EMAILS_ID) VALUES (-4,-4)
INSERT INTO PERSON_EMAIL(PERSON_ID,EMAILS_ID) VALUES (-5,-5)
INSERT INTO PERSON_EMAIL(PERSON_ID,EMAILS_ID) VALUES (-6,-6)
INSERT INTO PERSON_EMAIL(PERSON_ID,EMAILS_ID) VALUES (-8,-8)
INSERT INTO PERSON_EMAIL(PERSON_ID,EMAILS_ID) VALUES (-9,-9)
INSERT INTO PERSON_EMAIL(PERSON_ID,EMAILS_ID) VALUES (-19,-19)

INSERT INTO PHONENUMBER(ID,"NUMBER") VALUES(1,'232332322')
INSERT INTO PERSON_PHONENUMBER(PERSON_ID,PHONENUMBERS_ID) VALUES (-1,1)

INSERT INTO PROJECTIDEA(ID,TITLE,ACADEMICQUESTION,AIMSANDOBJECTIVES,DESCRIPTION,INTENDEDFOR,STATUS,SUBMISSIONDATE,OWNER_ID,VERSION) VALUES(0,'Sample','The Question','The Objective','The Description','Intended For','P','2017-02-21',-9,0)
INSERT INTO PROJECTIDEA_STATUSCHANGES(PROJECTIDEA_ID,WHENMADE,TOSTATUS,WHOBY,CHANGEORDER) VALUES(0,'2017-02-21 00:00:00','P',-9,0)
INSERT INTO PROJECTIDEA(ID,TITLE,ACADEMICQUESTION,AIMSANDOBJECTIVES,DESCRIPTION,INTENDEDFOR,STATUS,SUBMISSIONDATE,OWNER_ID,VERSION) VALUES(-1,'!@#$%^&*()`~-_=+/*-+.[{]};:''"\|\|,<.>/?','How well does the application handle potential metacharacters?','To see if, at any point, unusual characters are not correctly escaped and interpretted specially','Project of Strange Characters','','A','2017-02-20',-9,0)
INSERT INTO PROJECTIDEA_STATUSCHANGES(PROJECTIDEA_ID,WHENMADE,TOSTATUS,WHOBY,CHANGEORDER) VALUES(-1,'2017-02-20 00:00:00','A',-9,0)
INSERT INTO PROJECTIDEA(ID,TITLE,ACADEMICQUESTION,AIMSANDOBJECTIVES,DESCRIPTION,INTENDEDFOR,STATUS,SUBMISSIONDATE,OWNER_ID,VERSION) VALUES(-2,'Scarabée','Does the application handle canonicalization well?','To explore the application''s handling of Unicode canonicalization','Unicode Canonicalization Project','','L','2017-02-19',-9,0)
INSERT INTO PROJECTIDEA_STATUSCHANGES(PROJECTIDEA_ID,WHENMADE,TOSTATUS,WHOBY,CHANGEORDER) VALUES(-2,'2017-02-19 00:00:00','L',-9,0)
INSERT INTO PROJECTIDEA(ID,TITLE,ACADEMICQUESTION,AIMSANDOBJECTIVES,DESCRIPTION,INTENDEDFOR,STATUS,SUBMISSIONDATE,OWNER_ID,VERSION) VALUES(-3,'Withdrawn idea','-','-','-','','D','2000-01-01',-9,0)
INSERT INTO PROJECTIDEA_STATUSCHANGES(PROJECTIDEA_ID,WHENMADE,TOSTATUS,WHOBY,CHANGEORDER) VALUES(-3,'2000-01-01 00:00:00','D',-9,0)
INSERT INTO PROJECTIDEA(ID,TITLE,ACADEMICQUESTION,AIMSANDOBJECTIVES,DESCRIPTION,INTENDEDFOR,STATUS,SUBMISSIONDATE,OWNER_ID,VERSION) VALUES(-4,'Spencer1','I was manufactured?','The Wesker Children','Now my candle burns dimly','Wesker','A','2017-03-31',-8,0)
INSERT INTO PROJECTIDEA_STATUSCHANGES(PROJECTIDEA_ID,WHENMADE,TOSTATUS,WHOBY,CHANGEORDER) VALUES(-4,'2017-03-31 00:00:00','A',-8,0)
INSERT INTO PROJECTIDEA(ID,TITLE,ACADEMICQUESTION,AIMSANDOBJECTIVES,DESCRIPTION,INTENDEDFOR,STATUS,SUBMISSIONDATE,OWNER_ID,VERSION) VALUES(-5,'Spencer2','I was manufactured?','The Wesker Children','Now my candle burns dimly','Wesker','A','2017-03-30',-8,0)
INSERT INTO PROJECTIDEA_STATUSCHANGES(PROJECTIDEA_ID,WHENMADE,TOSTATUS,WHOBY,CHANGEORDER) VALUES(-5,'2017-03-30 00:00:00','A',-8,0)
INSERT INTO PROJECTIDEA(ID,TITLE,ACADEMICQUESTION,AIMSANDOBJECTIVES,DESCRIPTION,INTENDEDFOR,STATUS,SUBMISSIONDATE,OWNER_ID,VERSION) VALUES(-6,'Spencer3','I was manufactured?','The Wesker Children','Now my candle burns dimly','Wesker','A','2017-03-29',-8,0)
INSERT INTO PROJECTIDEA_STATUSCHANGES(PROJECTIDEA_ID,WHENMADE,TOSTATUS,WHOBY,CHANGEORDER) VALUES(-6,'2017-03-29 00:00:00','A',-8,0)
INSERT INTO PROJECTIDEA(ID,TITLE,ACADEMICQUESTION,AIMSANDOBJECTIVES,DESCRIPTION,INTENDEDFOR,STATUS,SUBMISSIONDATE,OWNER_ID,VERSION) VALUES(-7,'Spencer4','I was manufactured?','The Wesker Children','Now my candle burns dimly','Wesker','A','2017-03-28',-8,0)
INSERT INTO PROJECTIDEA_STATUSCHANGES(PROJECTIDEA_ID,WHENMADE,TOSTATUS,WHOBY,CHANGEORDER) VALUES(-7,'2017-03-28 00:00:00','A',-8,0)
INSERT INTO PROJECTIDEA(ID,TITLE,ACADEMICQUESTION,AIMSANDOBJECTIVES,DESCRIPTION,INTENDEDFOR,STATUS,SUBMISSIONDATE,OWNER_ID,VERSION) VALUES(-8,'Spencer5','I was manufactured?','The Wesker Children','Now my candle burns dimly','Wesker','A','2017-03-27',-8,0)
INSERT INTO PROJECTIDEA_STATUSCHANGES(PROJECTIDEA_ID,WHENMADE,TOSTATUS,WHOBY,CHANGEORDER) VALUES(-8,'2017-03-27 00:00:00','A',-8,0)
INSERT INTO PROJECTIDEA(ID,TITLE,ACADEMICQUESTION,AIMSANDOBJECTIVES,DESCRIPTION,INTENDEDFOR,STATUS,SUBMISSIONDATE,OWNER_ID,VERSION) VALUES(-9,'Spencer6','I was manufactured?','The Wesker Children','Now my candle burns dimly','Wesker','A','2017-03-26',-8,0)
INSERT INTO PROJECTIDEA_STATUSCHANGES(PROJECTIDEA_ID,WHENMADE,TOSTATUS,WHOBY,CHANGEORDER) VALUES(-9,'2017-03-26 00:00:00','A',-8,0)

INSERT INTO FINALPROJECT(ID,IDEA_ID) VALUES (-1,-1)
INSERT INTO FINALPROJECT(ID,IDEA_ID) VALUES (-2,-5)
INSERT INTO SHORTLIST(ID,FINALPROJECT_ID,SUPERVISOR_ID,SHORTLISTS_ID) VALUES (-1,-1,2,-2)

INSERT INTO MILESTONE(ID,MILESTONES_ID,ACTIVEDATE,DESCRIPTION,DUEDATE,STATUS,SUBMITTEDDATE,MARK) VALUES (-1,-1,'2016-11-16 06:43:19.769','Report 1','2016-11-16 06:43:19.769','Not Submitted','2016-11-16 06:43:19.769',null)
INSERT INTO MILESTONE(ID,MILESTONES_ID,ACTIVEDATE,DESCRIPTION,DUEDATE,STATUS,SUBMITTEDDATE,MARK) VALUES (-2,-1,'2016-11-16 06:43:19.769','Report 2','2016-11-16 06:43:19.769','Not Submitted','2016-11-30 06:43:19.769',null)
INSERT INTO MILESTONE(ID,MILESTONES_ID,ACTIVEDATE,DESCRIPTION,DUEDATE,STATUS,SUBMITTEDDATE,MARK) VALUES (-3,-2,'2016-11-16 06:43:19.769','Report 3','2016-11-16 06:43:19.769','Not Submitted','2016-11-30 06:43:19.769',null)

INSERT INTO ALLOCATEDPROJECT(ID,FINALPROJECT_ID,STUDENT_ID,STAFFS_ID)VALUES (-1,-1,-2,2)
INSERT INTO ALLOCATEDPROJECT(ID,FINALPROJECT_ID,STUDENT_ID,STAFFS_ID)VALUES (-2,-2,-3,2)

INSERT INTO STAFF_FINALPROJECT(STAFF_ID,FINALPROJECT_ID) VALUES(2,-1)
INSERT INTO STAFF_FINALPROJECT(STAFF_ID,FINALPROJECT_ID) VALUES(2,-2)

UPDATE STUDENT set FINALPROJECT_ID=-1 where ID=-2
UPDATE STUDENT set FINALPROJECT_ID=-2 where ID=-3

